term_1,term_2,term_1_url_encode,term_2_url_encode,url,num_results,is_not_spell_checked
10058-F4,Steroid-responsive encephalopathy associated with autoimmune thyroiditis,10058-F4,Steroid-responsive%20encephalopathy%20associated%20with%20autoimmune%20thyroiditis,https://pubmed.ncbi.nlm.nih.gov/?term=%28%2810058-F4+AND+Steroid-responsive%20encephalopathy%20associated%20with%20autoimmune%20thyroiditis, No results were found. ,TRUE
18F-T807,Steroid-responsive encephalopathy associated with autoimmune thyroiditis,18F-T807,Steroid-responsive%20encephalopathy%20associated%20with%20autoimmune%20thyroiditis,https://pubmed.ncbi.nlm.nih.gov/?term=%28%2818F-T807+AND+Steroid-responsive%20encephalopathy%20associated%20with%20autoimmune%20thyroiditis, No results were found. ,TRUE
290-R,Steroid-responsive encephalopathy associated with autoimmune thyroiditis,290-R,Steroid-responsive%20encephalopathy%20associated%20with%20autoimmune%20thyroiditis,https://pubmed.ncbi.nlm.nih.gov/?term=%28%28290-R+AND+Steroid-responsive%20encephalopathy%20associated%20with%20autoimmune%20thyroiditis, No results were found. ,TRUE
308-R,Steroid-responsive encephalopathy associated with autoimmune thyroiditis,308-R,Steroid-responsive%20encephalopathy%20associated%20with%20autoimmune%20thyroiditis,https://pubmed.ncbi.nlm.nih.gov/?term=%28%28308-R+AND+Steroid-responsive%20encephalopathy%20associated%20with%20autoimmune%20thyroiditis, No results were found. ,TRUE
4EGI-1,Steroid-responsive encephalopathy associated with autoimmune thyroiditis,4EGI-1,Steroid-responsive%20encephalopathy%20associated%20with%20autoimmune%20thyroiditis,https://pubmed.ncbi.nlm.nih.gov/?term=%28%284EGI-1+AND+Steroid-responsive%20encephalopathy%20associated%20with%20autoimmune%20thyroiditis, No results were found. ,TRUE
7-(p-chlorobenzyl) GDP,Steroid-responsive encephalopathy associated with autoimmune thyroiditis,7-(p-chlorobenzyl)%20GDP,Steroid-responsive%20encephalopathy%20associated%20with%20autoimmune%20thyroiditis,https://pubmed.ncbi.nlm.nih.gov/?term=%28%287-(p-chlorobenzyl)%20GDP+AND+Steroid-responsive%20encephalopathy%20associated%20with%20autoimmune%20thyroiditis, No results were found. ,TRUE
7-BnGMP,Steroid-responsive encephalopathy associated with autoimmune thyroiditis,7-BnGMP,Steroid-responsive%20encephalopathy%20associated%20with%20autoimmune%20thyroiditis,https://pubmed.ncbi.nlm.nih.gov/?term=%28%287-BnGMP+AND+Steroid-responsive%20encephalopathy%20associated%20with%20autoimmune%20thyroiditis, No results were found. ,TRUE
A-1155463,Steroid-responsive encephalopathy associated with autoimmune thyroiditis,A-1155463,Steroid-responsive%20encephalopathy%20associated%20with%20autoimmune%20thyroiditis,https://pubmed.ncbi.nlm.nih.gov/?term=%28%28A-1155463+AND+Steroid-responsive%20encephalopathy%20associated%20with%20autoimmune%20thyroiditis, No results were found. ,TRUE
A-1210477,Steroid-responsive encephalopathy associated with autoimmune thyroiditis,A-1210477,Steroid-responsive%20encephalopathy%20associated%20with%20autoimmune%20thyroiditis,https://pubmed.ncbi.nlm.nih.gov/?term=%28%28A-1210477+AND+Steroid-responsive%20encephalopathy%20associated%20with%20autoimmune%20thyroiditis, No results were found. ,TRUE
A484954,Steroid-responsive encephalopathy associated with autoimmune thyroiditis,A484954,Steroid-responsive%20encephalopathy%20associated%20with%20autoimmune%20thyroiditis,https://pubmed.ncbi.nlm.nih.gov/?term=%28%28A484954+AND+Steroid-responsive%20encephalopathy%20associated%20with%20autoimmune%20thyroiditis, No results were found. ,TRUE
ABBV-075,Steroid-responsive encephalopathy associated with autoimmune thyroiditis,ABBV-075,Steroid-responsive%20encephalopathy%20associated%20with%20autoimmune%20thyroiditis,https://pubmed.ncbi.nlm.nih.gov/?term=%28%28ABBV-075+AND+Steroid-responsive%20encephalopathy%20associated%20with%20autoimmune%20thyroiditis, No results were found. ,TRUE
ABBV-744,Steroid-responsive encephalopathy associated with autoimmune thyroiditis,ABBV-744,Steroid-responsive%20encephalopathy%20associated%20with%20autoimmune%20thyroiditis,https://pubmed.ncbi.nlm.nih.gov/?term=%28%28ABBV-744+AND+Steroid-responsive%20encephalopathy%20associated%20with%20autoimmune%20thyroiditis, No results were found. ,TRUE
Abemaciclib,Steroid-responsive encephalopathy associated with autoimmune thyroiditis,Abemaciclib,Steroid-responsive%20encephalopathy%20associated%20with%20autoimmune%20thyroiditis,https://pubmed.ncbi.nlm.nih.gov/?term=%28%28Abemaciclib+AND+Steroid-responsive%20encephalopathy%20associated%20with%20autoimmune%20thyroiditis, No results were found. ,TRUE
ABL001 derivative,Steroid-responsive encephalopathy associated with autoimmune thyroiditis,ABL001%20derivative,Steroid-responsive%20encephalopathy%20associated%20with%20autoimmune%20thyroiditis,https://pubmed.ncbi.nlm.nih.gov/?term=%28%28ABL001%20derivative+AND+Steroid-responsive%20encephalopathy%20associated%20with%20autoimmune%20thyroiditis, No results were found. ,TRUE
ABT-263,Steroid-responsive encephalopathy associated with autoimmune thyroiditis,ABT-263,Steroid-responsive%20encephalopathy%20associated%20with%20autoimmune%20thyroiditis,https://pubmed.ncbi.nlm.nih.gov/?term=%28%28ABT-263+AND+Steroid-responsive%20encephalopathy%20associated%20with%20autoimmune%20thyroiditis, No results were found. ,TRUE
afatinib,Steroid-responsive encephalopathy associated with autoimmune thyroiditis,afatinib,Steroid-responsive%20encephalopathy%20associated%20with%20autoimmune%20thyroiditis,https://pubmed.ncbi.nlm.nih.gov/?term=%28%28afatinib+AND+Steroid-responsive%20encephalopathy%20associated%20with%20autoimmune%20thyroiditis, No results were found. ,TRUE
Afimoxifene,Steroid-responsive encephalopathy associated with autoimmune thyroiditis,Afimoxifene,Steroid-responsive%20encephalopathy%20associated%20with%20autoimmune%20thyroiditis,https://pubmed.ncbi.nlm.nih.gov/?term=%28%28Afimoxifene+AND+Steroid-responsive%20encephalopathy%20associated%20with%20autoimmune%20thyroiditis, No results were found. ,TRUE
Afuresertib,Steroid-responsive encephalopathy associated with autoimmune thyroiditis,Afuresertib,Steroid-responsive%20encephalopathy%20associated%20with%20autoimmune%20thyroiditis,https://pubmed.ncbi.nlm.nih.gov/?term=%28%28Afuresertib+AND+Steroid-responsive%20encephalopathy%20associated%20with%20autoimmune%20thyroiditis, No results were found. ,TRUE
Alectinib,Steroid-responsive encephalopathy associated with autoimmune thyroiditis,Alectinib,Steroid-responsive%20encephalopathy%20associated%20with%20autoimmune%20thyroiditis,https://pubmed.ncbi.nlm.nih.gov/?term=%28%28Alectinib+AND+Steroid-responsive%20encephalopathy%20associated%20with%20autoimmune%20thyroiditis, No results were found. ,TRUE
Alisertib,Steroid-responsive encephalopathy associated with autoimmune thyroiditis,Alisertib,Steroid-responsive%20encephalopathy%20associated%20with%20autoimmune%20thyroiditis,https://pubmed.ncbi.nlm.nih.gov/?term=%28%28Alisertib+AND+Steroid-responsive%20encephalopathy%20associated%20with%20autoimmune%20thyroiditis, No results were found. ,TRUE
AP1867,Steroid-responsive encephalopathy associated with autoimmune thyroiditis,AP1867,Steroid-responsive%20encephalopathy%20associated%20with%20autoimmune%20thyroiditis,https://pubmed.ncbi.nlm.nih.gov/?term=%28%28AP1867+AND+Steroid-responsive%20encephalopathy%20associated%20with%20autoimmune%20thyroiditis, No results were found. ,TRUE
Apalutamide,Steroid-responsive encephalopathy associated with autoimmune thyroiditis,Apalutamide,Steroid-responsive%20encephalopathy%20associated%20with%20autoimmune%20thyroiditis,https://pubmed.ncbi.nlm.nih.gov/?term=%28%28Apalutamide+AND+Steroid-responsive%20encephalopathy%20associated%20with%20autoimmune%20thyroiditis, No results were found. ,TRUE
Apcin-A,Steroid-responsive encephalopathy associated with autoimmune thyroiditis,Apcin-A,Steroid-responsive%20encephalopathy%20associated%20with%20autoimmune%20thyroiditis,https://pubmed.ncbi.nlm.nih.gov/?term=%28%28Apcin-A+AND+Steroid-responsive%20encephalopathy%20associated%20with%20autoimmune%20thyroiditis, No results were found. ,TRUE
Asciminib,Steroid-responsive encephalopathy associated with autoimmune thyroiditis,Asciminib,Steroid-responsive%20encephalopathy%20associated%20with%20autoimmune%20thyroiditis,https://pubmed.ncbi.nlm.nih.gov/?term=%28%28Asciminib+AND+Steroid-responsive%20encephalopathy%20associated%20with%20autoimmune%20thyroiditis, No results were found. ,TRUE
AT-7519,Steroid-responsive encephalopathy associated with autoimmune thyroiditis,AT-7519,Steroid-responsive%20encephalopathy%20associated%20with%20autoimmune%20thyroiditis,https://pubmed.ncbi.nlm.nih.gov/?term=%28%28AT-7519+AND+Steroid-responsive%20encephalopathy%20associated%20with%20autoimmune%20thyroiditis, No results were found. ,TRUE
AT7519-7,Steroid-responsive encephalopathy associated with autoimmune thyroiditis,AT7519-7,Steroid-responsive%20encephalopathy%20associated%20with%20autoimmune%20thyroiditis,https://pubmed.ncbi.nlm.nih.gov/?term=%28%28AT7519-7+AND+Steroid-responsive%20encephalopathy%20associated%20with%20autoimmune%20thyroiditis, No results were found. ,TRUE
Atorvastatin,Steroid-responsive encephalopathy associated with autoimmune thyroiditis,Atorvastatin,Steroid-responsive%20encephalopathy%20associated%20with%20autoimmune%20thyroiditis,https://pubmed.ncbi.nlm.nih.gov/?term=%28%28Atorvastatin+AND+Steroid-responsive%20encephalopathy%20associated%20with%20autoimmune%20thyroiditis, No results were found. ,TRUE
ATRA,Steroid-responsive encephalopathy associated with autoimmune thyroiditis,ATRA,Steroid-responsive%20encephalopathy%20associated%20with%20autoimmune%20thyroiditis,https://pubmed.ncbi.nlm.nih.gov/?term=%28%28ATRA+AND+Steroid-responsive%20encephalopathy%20associated%20with%20autoimmune%20thyroiditis, No results were found. ,TRUE
AZ628,Steroid-responsive encephalopathy associated with autoimmune thyroiditis,AZ628,Steroid-responsive%20encephalopathy%20associated%20with%20autoimmune%20thyroiditis,https://pubmed.ncbi.nlm.nih.gov/?term=%28%28AZ628+AND+Steroid-responsive%20encephalopathy%20associated%20with%20autoimmune%20thyroiditis, No results were found. ,TRUE
AZD1775,Steroid-responsive encephalopathy associated with autoimmune thyroiditis,AZD1775,Steroid-responsive%20encephalopathy%20associated%20with%20autoimmune%20thyroiditis,https://pubmed.ncbi.nlm.nih.gov/?term=%28%28AZD1775+AND+Steroid-responsive%20encephalopathy%20associated%20with%20autoimmune%20thyroiditis, No results were found. ,TRUE
AZD2858,Steroid-responsive encephalopathy associated with autoimmune thyroiditis,AZD2858,Steroid-responsive%20encephalopathy%20associated%20with%20autoimmune%20thyroiditis,https://pubmed.ncbi.nlm.nih.gov/?term=%28%28AZD2858+AND+Steroid-responsive%20encephalopathy%20associated%20with%20autoimmune%20thyroiditis, No results were found. ,TRUE
AZD5438,Steroid-responsive encephalopathy associated with autoimmune thyroiditis,AZD5438,Steroid-responsive%20encephalopathy%20associated%20with%20autoimmune%20thyroiditis,https://pubmed.ncbi.nlm.nih.gov/?term=%28%28AZD5438+AND+Steroid-responsive%20encephalopathy%20associated%20with%20autoimmune%20thyroiditis, No results were found. ,TRUE
AZD9496,Steroid-responsive encephalopathy associated with autoimmune thyroiditis,AZD9496,Steroid-responsive%20encephalopathy%20associated%20with%20autoimmune%20thyroiditis,https://pubmed.ncbi.nlm.nih.gov/?term=%28%28AZD9496+AND+Steroid-responsive%20encephalopathy%20associated%20with%20autoimmune%20thyroiditis, No results were found. ,TRUE
B30,Steroid-responsive encephalopathy associated with autoimmune thyroiditis,B30,Steroid-responsive%20encephalopathy%20associated%20with%20autoimmune%20thyroiditis,https://pubmed.ncbi.nlm.nih.gov/?term=%28%28B30+AND+Steroid-responsive%20encephalopathy%20associated%20with%20autoimmune%20thyroiditis, No results were found. ,TRUE
Baricitinib,Steroid-responsive encephalopathy associated with autoimmune thyroiditis,Baricitinib,Steroid-responsive%20encephalopathy%20associated%20with%20autoimmune%20thyroiditis,https://pubmed.ncbi.nlm.nih.gov/?term=%28%28Baricitinib+AND+Steroid-responsive%20encephalopathy%20associated%20with%20autoimmune%20thyroiditis, No results were found. ,TRUE
Bazedoxifene,Steroid-responsive encephalopathy associated with autoimmune thyroiditis,Bazedoxifene,Steroid-responsive%20encephalopathy%20associated%20with%20autoimmune%20thyroiditis,https://pubmed.ncbi.nlm.nih.gov/?term=%28%28Bazedoxifene+AND+Steroid-responsive%20encephalopathy%20associated%20with%20autoimmune%20thyroiditis, No results were found. ,TRUE
benzamide,Steroid-responsive encephalopathy associated with autoimmune thyroiditis,benzamide,Steroid-responsive%20encephalopathy%20associated%20with%20autoimmune%20thyroiditis,https://pubmed.ncbi.nlm.nih.gov/?term=%28%28benzamide+AND+Steroid-responsive%20encephalopathy%20associated%20with%20autoimmune%20thyroiditis, No results were found. ,TRUE
BETi-211,Steroid-responsive encephalopathy associated with autoimmune thyroiditis,BETi-211,Steroid-responsive%20encephalopathy%20associated%20with%20autoimmune%20thyroiditis,https://pubmed.ncbi.nlm.nih.gov/?term=%28%28BETi-211+AND+Steroid-responsive%20encephalopathy%20associated%20with%20autoimmune%20thyroiditis, No results were found. ,TRUE
BGJ398,Steroid-responsive encephalopathy associated with autoimmune thyroiditis,BGJ398,Steroid-responsive%20encephalopathy%20associated%20with%20autoimmune%20thyroiditis,https://pubmed.ncbi.nlm.nih.gov/?term=%28%28BGJ398+AND+Steroid-responsive%20encephalopathy%20associated%20with%20autoimmune%20thyroiditis, No results were found. ,TRUE
BI-4464,Steroid-responsive encephalopathy associated with autoimmune thyroiditis,BI-4464,Steroid-responsive%20encephalopathy%20associated%20with%20autoimmune%20thyroiditis,https://pubmed.ncbi.nlm.nih.gov/?term=%28%28BI-4464+AND+Steroid-responsive%20encephalopathy%20associated%20with%20autoimmune%20thyroiditis, No results were found. ,TRUE
BI-7273,Steroid-responsive encephalopathy associated with autoimmune thyroiditis,BI-7273,Steroid-responsive%20encephalopathy%20associated%20with%20autoimmune%20thyroiditis,https://pubmed.ncbi.nlm.nih.gov/?term=%28%28BI-7273+AND+Steroid-responsive%20encephalopathy%20associated%20with%20autoimmune%20thyroiditis, No results were found. ,TRUE
BI-9564,Steroid-responsive encephalopathy associated with autoimmune thyroiditis,BI-9564,Steroid-responsive%20encephalopathy%20associated%20with%20autoimmune%20thyroiditis,https://pubmed.ncbi.nlm.nih.gov/?term=%28%28BI-9564+AND+Steroid-responsive%20encephalopathy%20associated%20with%20autoimmune%20thyroiditis, No results were found. ,TRUE
BI2536,Steroid-responsive encephalopathy associated with autoimmune thyroiditis,BI2536,Steroid-responsive%20encephalopathy%20associated%20with%20autoimmune%20thyroiditis,https://pubmed.ncbi.nlm.nih.gov/?term=%28%28BI2536+AND+Steroid-responsive%20encephalopathy%20associated%20with%20autoimmune%20thyroiditis, No results were found. ,TRUE
BI882370,Steroid-responsive encephalopathy associated with autoimmune thyroiditis,BI882370,Steroid-responsive%20encephalopathy%20associated%20with%20autoimmune%20thyroiditis,https://pubmed.ncbi.nlm.nih.gov/?term=%28%28BI882370+AND+Steroid-responsive%20encephalopathy%20associated%20with%20autoimmune%20thyroiditis, No results were found. ,TRUE
BICALUTAMIDE,Steroid-responsive encephalopathy associated with autoimmune thyroiditis,BICALUTAMIDE,Steroid-responsive%20encephalopathy%20associated%20with%20autoimmune%20thyroiditis,https://pubmed.ncbi.nlm.nih.gov/?term=%28%28BICALUTAMIDE+AND+Steroid-responsive%20encephalopathy%20associated%20with%20autoimmune%20thyroiditis, No results were found. ,TRUE
BIIB021,Steroid-responsive encephalopathy associated with autoimmune thyroiditis,BIIB021,Steroid-responsive%20encephalopathy%20associated%20with%20autoimmune%20thyroiditis,https://pubmed.ncbi.nlm.nih.gov/?term=%28%28BIIB021+AND+Steroid-responsive%20encephalopathy%20associated%20with%20autoimmune%20thyroiditis, No results were found. ,TRUE
BMS-1198,Steroid-responsive encephalopathy associated with autoimmune thyroiditis,BMS-1198,Steroid-responsive%20encephalopathy%20associated%20with%20autoimmune%20thyroiditis,https://pubmed.ncbi.nlm.nih.gov/?term=%28%28BMS-1198+AND+Steroid-responsive%20encephalopathy%20associated%20with%20autoimmune%20thyroiditis, No results were found. ,TRUE
BMS-1233,Steroid-responsive encephalopathy associated with autoimmune thyroiditis,BMS-1233,Steroid-responsive%20encephalopathy%20associated%20with%20autoimmune%20thyroiditis,https://pubmed.ncbi.nlm.nih.gov/?term=%28%28BMS-1233+AND+Steroid-responsive%20encephalopathy%20associated%20with%20autoimmune%20thyroiditis, No results were found. ,TRUE
BMS-37,Steroid-responsive encephalopathy associated with autoimmune thyroiditis,BMS-37,Steroid-responsive%20encephalopathy%20associated%20with%20autoimmune%20thyroiditis,https://pubmed.ncbi.nlm.nih.gov/?term=%28%28BMS-37+AND+Steroid-responsive%20encephalopathy%20associated%20with%20autoimmune%20thyroiditis, No results were found. ,TRUE
BMS-8,Steroid-responsive encephalopathy associated with autoimmune thyroiditis,BMS-8,Steroid-responsive%20encephalopathy%20associated%20with%20autoimmune%20thyroiditis,https://pubmed.ncbi.nlm.nih.gov/?term=%28%28BMS-8+AND+Steroid-responsive%20encephalopathy%20associated%20with%20autoimmune%20thyroiditis, No results were found. ,TRUE
Bn7GDP,Steroid-responsive encephalopathy associated with autoimmune thyroiditis,Bn7GDP,Steroid-responsive%20encephalopathy%20associated%20with%20autoimmune%20thyroiditis,https://pubmed.ncbi.nlm.nih.gov/?term=%28%28Bn7GDP+AND+Steroid-responsive%20encephalopathy%20associated%20with%20autoimmune%20thyroiditis, No results were found. ,TRUE
bosutinib,Steroid-responsive encephalopathy associated with autoimmune thyroiditis,bosutinib,Steroid-responsive%20encephalopathy%20associated%20with%20autoimmune%20thyroiditis,https://pubmed.ncbi.nlm.nih.gov/?term=%28%28bosutinib+AND+Steroid-responsive%20encephalopathy%20associated%20with%20autoimmune%20thyroiditis, No results were found. ,TRUE
BRD-6929,Steroid-responsive encephalopathy associated with autoimmune thyroiditis,BRD-6929,Steroid-responsive%20encephalopathy%20associated%20with%20autoimmune%20thyroiditis,https://pubmed.ncbi.nlm.nih.gov/?term=%28%28BRD-6929+AND+Steroid-responsive%20encephalopathy%20associated%20with%20autoimmune%20thyroiditis, No results were found. ,TRUE
Brigatinib A,Steroid-responsive encephalopathy associated with autoimmune thyroiditis,Brigatinib%20A,Steroid-responsive%20encephalopathy%20associated%20with%20autoimmune%20thyroiditis,https://pubmed.ncbi.nlm.nih.gov/?term=%28%28Brigatinib%20A+AND+Steroid-responsive%20encephalopathy%20associated%20with%20autoimmune%20thyroiditis, No results were found. ,TRUE
Brigatinib B,Steroid-responsive encephalopathy associated with autoimmune thyroiditis,Brigatinib%20B,Steroid-responsive%20encephalopathy%20associated%20with%20autoimmune%20thyroiditis,https://pubmed.ncbi.nlm.nih.gov/?term=%28%28Brigatinib%20B+AND+Steroid-responsive%20encephalopathy%20associated%20with%20autoimmune%20thyroiditis, No results were found. ,TRUE
Brigatinib C,Steroid-responsive encephalopathy associated with autoimmune thyroiditis,Brigatinib%20C,Steroid-responsive%20encephalopathy%20associated%20with%20autoimmune%20thyroiditis,https://pubmed.ncbi.nlm.nih.gov/?term=%28%28Brigatinib%20C+AND+Steroid-responsive%20encephalopathy%20associated%20with%20autoimmune%20thyroiditis, No results were found. ,TRUE
BS-181,Steroid-responsive encephalopathy associated with autoimmune thyroiditis,BS-181,Steroid-responsive%20encephalopathy%20associated%20with%20autoimmune%20thyroiditis,https://pubmed.ncbi.nlm.nih.gov/?term=%28%28BS-181+AND+Steroid-responsive%20encephalopathy%20associated%20with%20autoimmune%20thyroiditis, No results were found. ,TRUE
BTA-1,Steroid-responsive encephalopathy associated with autoimmune thyroiditis,BTA-1,Steroid-responsive%20encephalopathy%20associated%20with%20autoimmune%20thyroiditis,https://pubmed.ncbi.nlm.nih.gov/?term=%28%28BTA-1+AND+Steroid-responsive%20encephalopathy%20associated%20with%20autoimmune%20thyroiditis, No results were found. ,TRUE
c-Kit-IN-1,Steroid-responsive encephalopathy associated with autoimmune thyroiditis,c-Kit-IN-1,Steroid-responsive%20encephalopathy%20associated%20with%20autoimmune%20thyroiditis,https://pubmed.ncbi.nlm.nih.gov/?term=%28%28c-Kit-IN-1+AND+Steroid-responsive%20encephalopathy%20associated%20with%20autoimmune%20thyroiditis, No results were found. ,TRUE
Canertinib,Steroid-responsive encephalopathy associated with autoimmune thyroiditis,Canertinib,Steroid-responsive%20encephalopathy%20associated%20with%20autoimmune%20thyroiditis,https://pubmed.ncbi.nlm.nih.gov/?term=%28%28Canertinib+AND+Steroid-responsive%20encephalopathy%20associated%20with%20autoimmune%20thyroiditis, No results were found. ,TRUE
Ceritinib,Steroid-responsive encephalopathy associated with autoimmune thyroiditis,Ceritinib,Steroid-responsive%20encephalopathy%20associated%20with%20autoimmune%20thyroiditis,https://pubmed.ncbi.nlm.nih.gov/?term=%28%28Ceritinib+AND+Steroid-responsive%20encephalopathy%20associated%20with%20autoimmune%20thyroiditis, No results were found. ,TRUE
CGI1746,Steroid-responsive encephalopathy associated with autoimmune thyroiditis,CGI1746,Steroid-responsive%20encephalopathy%20associated%20with%20autoimmune%20thyroiditis,https://pubmed.ncbi.nlm.nih.gov/?term=%28%28CGI1746+AND+Steroid-responsive%20encephalopathy%20associated%20with%20autoimmune%20thyroiditis, No results were found. ,TRUE
Ch55,Steroid-responsive encephalopathy associated with autoimmune thyroiditis,Ch55,Steroid-responsive%20encephalopathy%20associated%20with%20autoimmune%20thyroiditis,https://pubmed.ncbi.nlm.nih.gov/?term=%28%28Ch55+AND+Steroid-responsive%20encephalopathy%20associated%20with%20autoimmune%20thyroiditis, No results were found. ,TRUE
CI-994,Steroid-responsive encephalopathy associated with autoimmune thyroiditis,CI-994,Steroid-responsive%20encephalopathy%20associated%20with%20autoimmune%20thyroiditis,https://pubmed.ncbi.nlm.nih.gov/?term=%28%28CI-994+AND+Steroid-responsive%20encephalopathy%20associated%20with%20autoimmune%20thyroiditis, No results were found. ,TRUE
combretastatin A-4,Steroid-responsive encephalopathy associated with autoimmune thyroiditis,combretastatin%20A-4,Steroid-responsive%20encephalopathy%20associated%20with%20autoimmune%20thyroiditis,https://pubmed.ncbi.nlm.nih.gov/?term=%28%28combretastatin%20A-4+AND+Steroid-responsive%20encephalopathy%20associated%20with%20autoimmune%20thyroiditis, No results were found. ,TRUE
Dabrafenib,Steroid-responsive encephalopathy associated with autoimmune thyroiditis,Dabrafenib,Steroid-responsive%20encephalopathy%20associated%20with%20autoimmune%20thyroiditis,https://pubmed.ncbi.nlm.nih.gov/?term=%28%28Dabrafenib+AND+Steroid-responsive%20encephalopathy%20associated%20with%20autoimmune%20thyroiditis, No results were found. ,TRUE
Dacomitinib,Steroid-responsive encephalopathy associated with autoimmune thyroiditis,Dacomitinib,Steroid-responsive%20encephalopathy%20associated%20with%20autoimmune%20thyroiditis,https://pubmed.ncbi.nlm.nih.gov/?term=%28%28Dacomitinib+AND+Steroid-responsive%20encephalopathy%20associated%20with%20autoimmune%20thyroiditis, No results were found. ,TRUE
dasatinib,Steroid-responsive encephalopathy associated with autoimmune thyroiditis,dasatinib,Steroid-responsive%20encephalopathy%20associated%20with%20autoimmune%20thyroiditis,https://pubmed.ncbi.nlm.nih.gov/?term=%28%28dasatinib+AND+Steroid-responsive%20encephalopathy%20associated%20with%20autoimmune%20thyroiditis, No results were found. ,TRUE
DB-114130,Steroid-responsive encephalopathy associated with autoimmune thyroiditis,DB-114130,Steroid-responsive%20encephalopathy%20associated%20with%20autoimmune%20thyroiditis,https://pubmed.ncbi.nlm.nih.gov/?term=%28%28DB-114130+AND+Steroid-responsive%20encephalopathy%20associated%20with%20autoimmune%20thyroiditis, No results were found. ,TRUE
DCLK1-IN-1,Steroid-responsive encephalopathy associated with autoimmune thyroiditis,DCLK1-IN-1,Steroid-responsive%20encephalopathy%20associated%20with%20autoimmune%20thyroiditis,https://pubmed.ncbi.nlm.nih.gov/?term=%28%28DCLK1-IN-1+AND+Steroid-responsive%20encephalopathy%20associated%20with%20autoimmune%20thyroiditis, No results were found. ,TRUE
Defactinib,Steroid-responsive encephalopathy associated with autoimmune thyroiditis,Defactinib,Steroid-responsive%20encephalopathy%20associated%20with%20autoimmune%20thyroiditis,https://pubmed.ncbi.nlm.nih.gov/?term=%28%28Defactinib+AND+Steroid-responsive%20encephalopathy%20associated%20with%20autoimmune%20thyroiditis, No results were found. ,TRUE
Deltazinone 1,Steroid-responsive encephalopathy associated with autoimmune thyroiditis,Deltazinone%201,Steroid-responsive%20encephalopathy%20associated%20with%20autoimmune%20thyroiditis,https://pubmed.ncbi.nlm.nih.gov/?term=%28%28Deltazinone%201+AND+Steroid-responsive%20encephalopathy%20associated%20with%20autoimmune%20thyroiditis, No results were found. ,TRUE
Despropenoylibrutinib,Steroid-responsive encephalopathy associated with autoimmune thyroiditis,Despropenoylibrutinib,Steroid-responsive%20encephalopathy%20associated%20with%20autoimmune%20thyroiditis,https://pubmed.ncbi.nlm.nih.gov/?term=%28%28Despropenoylibrutinib+AND+Steroid-responsive%20encephalopathy%20associated%20with%20autoimmune%20thyroiditis, No results were found. ,TRUE
DHT,Steroid-responsive encephalopathy associated with autoimmune thyroiditis,DHT,Steroid-responsive%20encephalopathy%20associated%20with%20autoimmune%20thyroiditis,https://pubmed.ncbi.nlm.nih.gov/?term=%28%28DHT+AND+Steroid-responsive%20encephalopathy%20associated%20with%20autoimmune%20thyroiditis, No results were found. ,TRUE
Dinaciclib,Steroid-responsive encephalopathy associated with autoimmune thyroiditis,Dinaciclib,Steroid-responsive%20encephalopathy%20associated%20with%20autoimmune%20thyroiditis,https://pubmed.ncbi.nlm.nih.gov/?term=%28%28Dinaciclib+AND+Steroid-responsive%20encephalopathy%20associated%20with%20autoimmune%20thyroiditis, No results were found. ,TRUE
Dovitinib,Steroid-responsive encephalopathy associated with autoimmune thyroiditis,Dovitinib,Steroid-responsive%20encephalopathy%20associated%20with%20autoimmune%20thyroiditis,https://pubmed.ncbi.nlm.nih.gov/?term=%28%28Dovitinib+AND+Steroid-responsive%20encephalopathy%20associated%20with%20autoimmune%20thyroiditis, No results were found. ,TRUE
EED226,Steroid-responsive encephalopathy associated with autoimmune thyroiditis,EED226,Steroid-responsive%20encephalopathy%20associated%20with%20autoimmune%20thyroiditis,https://pubmed.ncbi.nlm.nih.gov/?term=%28%28EED226+AND+Steroid-responsive%20encephalopathy%20associated%20with%20autoimmune%20thyroiditis, No results were found. ,TRUE
Entrectinib,Steroid-responsive encephalopathy associated with autoimmune thyroiditis,Entrectinib,Steroid-responsive%20encephalopathy%20associated%20with%20autoimmune%20thyroiditis,https://pubmed.ncbi.nlm.nih.gov/?term=%28%28Entrectinib+AND+Steroid-responsive%20encephalopathy%20associated%20with%20autoimmune%20thyroiditis, No results were found. ,TRUE
Enzalutamide,Steroid-responsive encephalopathy associated with autoimmune thyroiditis,Enzalutamide,Steroid-responsive%20encephalopathy%20associated%20with%20autoimmune%20thyroiditis,https://pubmed.ncbi.nlm.nih.gov/?term=%28%28Enzalutamide+AND+Steroid-responsive%20encephalopathy%20associated%20with%20autoimmune%20thyroiditis, No results were found. ,TRUE
Epacadostat,Steroid-responsive encephalopathy associated with autoimmune thyroiditis,Epacadostat,Steroid-responsive%20encephalopathy%20associated%20with%20autoimmune%20thyroiditis,https://pubmed.ncbi.nlm.nih.gov/?term=%28%28Epacadostat+AND+Steroid-responsive%20encephalopathy%20associated%20with%20autoimmune%20thyroiditis, No results were found. ,TRUE
EPZ015666,Steroid-responsive encephalopathy associated with autoimmune thyroiditis,EPZ015666,Steroid-responsive%20encephalopathy%20associated%20with%20autoimmune%20thyroiditis,https://pubmed.ncbi.nlm.nih.gov/?term=%28%28EPZ015666+AND+Steroid-responsive%20encephalopathy%20associated%20with%20autoimmune%20thyroiditis, No results were found. ,TRUE
EPZ6438,Steroid-responsive encephalopathy associated with autoimmune thyroiditis,EPZ6438,Steroid-responsive%20encephalopathy%20associated%20with%20autoimmune%20thyroiditis,https://pubmed.ncbi.nlm.nih.gov/?term=%28%28EPZ6438+AND+Steroid-responsive%20encephalopathy%20associated%20with%20autoimmune%20thyroiditis, No results were found. ,TRUE
Estradiol,Steroid-responsive encephalopathy associated with autoimmune thyroiditis,Estradiol,Steroid-responsive%20encephalopathy%20associated%20with%20autoimmune%20thyroiditis,https://pubmed.ncbi.nlm.nih.gov/?term=%28%28Estradiol+AND+Steroid-responsive%20encephalopathy%20associated%20with%20autoimmune%20thyroiditis, No results were found. ,TRUE
estrone,Steroid-responsive encephalopathy associated with autoimmune thyroiditis,estrone,Steroid-responsive%20encephalopathy%20associated%20with%20autoimmune%20thyroiditis,https://pubmed.ncbi.nlm.nih.gov/?term=%28%28estrone+AND+Steroid-responsive%20encephalopathy%20associated%20with%20autoimmune%20thyroiditis, No results were found. ,TRUE
FBn7GMP,Steroid-responsive encephalopathy associated with autoimmune thyroiditis,FBn7GMP,Steroid-responsive%20encephalopathy%20associated%20with%20autoimmune%20thyroiditis,https://pubmed.ncbi.nlm.nih.gov/?term=%28%28FBn7GMP+AND+Steroid-responsive%20encephalopathy%20associated%20with%20autoimmune%20thyroiditis, No results were found. ,TRUE
FF-10101,Steroid-responsive encephalopathy associated with autoimmune thyroiditis,FF-10101,Steroid-responsive%20encephalopathy%20associated%20with%20autoimmune%20thyroiditis,https://pubmed.ncbi.nlm.nih.gov/?term=%28%28FF-10101+AND+Steroid-responsive%20encephalopathy%20associated%20with%20autoimmune%20thyroiditis, No results were found. ,TRUE
FIIN-2,Steroid-responsive encephalopathy associated with autoimmune thyroiditis,FIIN-2,Steroid-responsive%20encephalopathy%20associated%20with%20autoimmune%20thyroiditis,https://pubmed.ncbi.nlm.nih.gov/?term=%28%28FIIN-2+AND+Steroid-responsive%20encephalopathy%20associated%20with%20autoimmune%20thyroiditis, No results were found. ,TRUE
FN-1501,Steroid-responsive encephalopathy associated with autoimmune thyroiditis,FN-1501,Steroid-responsive%20encephalopathy%20associated%20with%20autoimmune%20thyroiditis,https://pubmed.ncbi.nlm.nih.gov/?term=%28%28FN-1501+AND+Steroid-responsive%20encephalopathy%20associated%20with%20autoimmune%20thyroiditis, No results were found. ,TRUE
foretinib,Steroid-responsive encephalopathy associated with autoimmune thyroiditis,foretinib,Steroid-responsive%20encephalopathy%20associated%20with%20autoimmune%20thyroiditis,https://pubmed.ncbi.nlm.nih.gov/?term=%28%28foretinib+AND+Steroid-responsive%20encephalopathy%20associated%20with%20autoimmune%20thyroiditis, No results were found. ,TRUE
GDC-0068,Steroid-responsive encephalopathy associated with autoimmune thyroiditis,GDC-0068,Steroid-responsive%20encephalopathy%20associated%20with%20autoimmune%20thyroiditis,https://pubmed.ncbi.nlm.nih.gov/?term=%28%28GDC-0068+AND+Steroid-responsive%20encephalopathy%20associated%20with%20autoimmune%20thyroiditis, No results were found. ,TRUE
GDP,Steroid-responsive encephalopathy associated with autoimmune thyroiditis,GDP,Steroid-responsive%20encephalopathy%20associated%20with%20autoimmune%20thyroiditis,https://pubmed.ncbi.nlm.nih.gov/?term=%28%28GDP+AND+Steroid-responsive%20encephalopathy%20associated%20with%20autoimmune%20thyroiditis, No results were found. ,TRUE
gefitinib,Steroid-responsive encephalopathy associated with autoimmune thyroiditis,gefitinib,Steroid-responsive%20encephalopathy%20associated%20with%20autoimmune%20thyroiditis,https://pubmed.ncbi.nlm.nih.gov/?term=%28%28gefitinib+AND+Steroid-responsive%20encephalopathy%20associated%20with%20autoimmune%20thyroiditis, No results were found. ,TRUE
GMP,Steroid-responsive encephalopathy associated with autoimmune thyroiditis,GMP,Steroid-responsive%20encephalopathy%20associated%20with%20autoimmune%20thyroiditis,https://pubmed.ncbi.nlm.nih.gov/?term=%28%28GMP+AND+Steroid-responsive%20encephalopathy%20associated%20with%20autoimmune%20thyroiditis, No results were found. ,TRUE
GNE-781,Steroid-responsive encephalopathy associated with autoimmune thyroiditis,GNE-781,Steroid-responsive%20encephalopathy%20associated%20with%20autoimmune%20thyroiditis,https://pubmed.ncbi.nlm.nih.gov/?term=%28%28GNE-781+AND+Steroid-responsive%20encephalopathy%20associated%20with%20autoimmune%20thyroiditis, No results were found. ,TRUE
GNE-7915,Steroid-responsive encephalopathy associated with autoimmune thyroiditis,GNE-7915,Steroid-responsive%20encephalopathy%20associated%20with%20autoimmune%20thyroiditis,https://pubmed.ncbi.nlm.nih.gov/?term=%28%28GNE-7915+AND+Steroid-responsive%20encephalopathy%20associated%20with%20autoimmune%20thyroiditis, No results were found. ,TRUE
GNF-2,Steroid-responsive encephalopathy associated with autoimmune thyroiditis,GNF-2,Steroid-responsive%20encephalopathy%20associated%20with%20autoimmune%20thyroiditis,https://pubmed.ncbi.nlm.nih.gov/?term=%28%28GNF-2+AND+Steroid-responsive%20encephalopathy%20associated%20with%20autoimmune%20thyroiditis, No results were found. ,TRUE
GNF-5,Steroid-responsive encephalopathy associated with autoimmune thyroiditis,GNF-5,Steroid-responsive%20encephalopathy%20associated%20with%20autoimmune%20thyroiditis,https://pubmed.ncbi.nlm.nih.gov/?term=%28%28GNF-5+AND+Steroid-responsive%20encephalopathy%20associated%20with%20autoimmune%20thyroiditis, No results were found. ,TRUE
GNF-7,Steroid-responsive encephalopathy associated with autoimmune thyroiditis,GNF-7,Steroid-responsive%20encephalopathy%20associated%20with%20autoimmune%20thyroiditis,https://pubmed.ncbi.nlm.nih.gov/?term=%28%28GNF-7+AND+Steroid-responsive%20encephalopathy%20associated%20with%20autoimmune%20thyroiditis, No results were found. ,TRUE
GNF-8625,Steroid-responsive encephalopathy associated with autoimmune thyroiditis,GNF-8625,Steroid-responsive%20encephalopathy%20associated%20with%20autoimmune%20thyroiditis,https://pubmed.ncbi.nlm.nih.gov/?term=%28%28GNF-8625+AND+Steroid-responsive%20encephalopathy%20associated%20with%20autoimmune%20thyroiditis, No results were found. ,TRUE
GSK-39,Steroid-responsive encephalopathy associated with autoimmune thyroiditis,GSK-39,Steroid-responsive%20encephalopathy%20associated%20with%20autoimmune%20thyroiditis,https://pubmed.ncbi.nlm.nih.gov/?term=%28%28GSK-39+AND+Steroid-responsive%20encephalopathy%20associated%20with%20autoimmune%20thyroiditis, No results were found. ,TRUE
GSK126,Steroid-responsive encephalopathy associated with autoimmune thyroiditis,GSK126,Steroid-responsive%20encephalopathy%20associated%20with%20autoimmune%20thyroiditis,https://pubmed.ncbi.nlm.nih.gov/?term=%28%28GSK126+AND+Steroid-responsive%20encephalopathy%20associated%20with%20autoimmune%20thyroiditis, No results were found. ,TRUE
GSK4027,Steroid-responsive encephalopathy associated with autoimmune thyroiditis,GSK4027,Steroid-responsive%20encephalopathy%20associated%20with%20autoimmune%20thyroiditis,https://pubmed.ncbi.nlm.nih.gov/?term=%28%28GSK4027+AND+Steroid-responsive%20encephalopathy%20associated%20with%20autoimmune%20thyroiditis, No results were found. ,TRUE
GSK4028,Steroid-responsive encephalopathy associated with autoimmune thyroiditis,GSK4028,Steroid-responsive%20encephalopathy%20associated%20with%20autoimmune%20thyroiditis,https://pubmed.ncbi.nlm.nih.gov/?term=%28%28GSK4028+AND+Steroid-responsive%20encephalopathy%20associated%20with%20autoimmune%20thyroiditis, No results were found. ,TRUE
GSK690693,Steroid-responsive encephalopathy associated with autoimmune thyroiditis,GSK690693,Steroid-responsive%20encephalopathy%20associated%20with%20autoimmune%20thyroiditis,https://pubmed.ncbi.nlm.nih.gov/?term=%28%28GSK690693+AND+Steroid-responsive%20encephalopathy%20associated%20with%20autoimmune%20thyroiditis, No results were found. ,TRUE
GTPL10702,Steroid-responsive encephalopathy associated with autoimmune thyroiditis,GTPL10702,Steroid-responsive%20encephalopathy%20associated%20with%20autoimmune%20thyroiditis,https://pubmed.ncbi.nlm.nih.gov/?term=%28%28GTPL10702+AND+Steroid-responsive%20encephalopathy%20associated%20with%20autoimmune%20thyroiditis, No results were found. ,TRUE
GTPL8080,Steroid-responsive encephalopathy associated with autoimmune thyroiditis,GTPL8080,Steroid-responsive%20encephalopathy%20associated%20with%20autoimmune%20thyroiditis,https://pubmed.ncbi.nlm.nih.gov/?term=%28%28GTPL8080+AND+Steroid-responsive%20encephalopathy%20associated%20with%20autoimmune%20thyroiditis, No results were found. ,TRUE
GW3965,Steroid-responsive encephalopathy associated with autoimmune thyroiditis,GW3965,Steroid-responsive%20encephalopathy%20associated%20with%20autoimmune%20thyroiditis,https://pubmed.ncbi.nlm.nih.gov/?term=%28%28GW3965+AND+Steroid-responsive%20encephalopathy%20associated%20with%20autoimmune%20thyroiditis, No results were found. ,TRUE
GZD824,Steroid-responsive encephalopathy associated with autoimmune thyroiditis,GZD824,Steroid-responsive%20encephalopathy%20associated%20with%20autoimmune%20thyroiditis,https://pubmed.ncbi.nlm.nih.gov/?term=%28%28GZD824+AND+Steroid-responsive%20encephalopathy%20associated%20with%20autoimmune%20thyroiditis, No results were found. ,TRUE
HG-7-85-01,Steroid-responsive encephalopathy associated with autoimmune thyroiditis,HG-7-85-01,Steroid-responsive%20encephalopathy%20associated%20with%20autoimmune%20thyroiditis,https://pubmed.ncbi.nlm.nih.gov/?term=%28%28HG-7-85-01+AND+Steroid-responsive%20encephalopathy%20associated%20with%20autoimmune%20thyroiditis, No results were found. ,TRUE
HJB97,Steroid-responsive encephalopathy associated with autoimmune thyroiditis,HJB97,Steroid-responsive%20encephalopathy%20associated%20with%20autoimmune%20thyroiditis,https://pubmed.ncbi.nlm.nih.gov/?term=%28%28HJB97+AND+Steroid-responsive%20encephalopathy%20associated%20with%20autoimmune%20thyroiditis, No results were found. ,TRUE
hydroxamic acid,Steroid-responsive encephalopathy associated with autoimmune thyroiditis,hydroxamic%20acid,Steroid-responsive%20encephalopathy%20associated%20with%20autoimmune%20thyroiditis,https://pubmed.ncbi.nlm.nih.gov/?term=%28%28hydroxamic%20acid+AND+Steroid-responsive%20encephalopathy%20associated%20with%20autoimmune%20thyroiditis, No results were found. ,TRUE
I-BET726,Steroid-responsive encephalopathy associated with autoimmune thyroiditis,I-BET726,Steroid-responsive%20encephalopathy%20associated%20with%20autoimmune%20thyroiditis,https://pubmed.ncbi.nlm.nih.gov/?term=%28%28I-BET726+AND+Steroid-responsive%20encephalopathy%20associated%20with%20autoimmune%20thyroiditis, No results were found. ,TRUE
i4EG-BiP,Steroid-responsive encephalopathy associated with autoimmune thyroiditis,i4EG-BiP,Steroid-responsive%20encephalopathy%20associated%20with%20autoimmune%20thyroiditis,https://pubmed.ncbi.nlm.nih.gov/?term=%28%28i4EG-BiP+AND+Steroid-responsive%20encephalopathy%20associated%20with%20autoimmune%20thyroiditis, No results were found. ,TRUE
IACS-7e,Steroid-responsive encephalopathy associated with autoimmune thyroiditis,IACS-7e,Steroid-responsive%20encephalopathy%20associated%20with%20autoimmune%20thyroiditis,https://pubmed.ncbi.nlm.nih.gov/?term=%28%28IACS-7e+AND+Steroid-responsive%20encephalopathy%20associated%20with%20autoimmune%20thyroiditis, No results were found. ,TRUE
IACS-9571,Steroid-responsive encephalopathy associated with autoimmune thyroiditis,IACS-9571,Steroid-responsive%20encephalopathy%20associated%20with%20autoimmune%20thyroiditis,https://pubmed.ncbi.nlm.nih.gov/?term=%28%28IACS-9571+AND+Steroid-responsive%20encephalopathy%20associated%20with%20autoimmune%20thyroiditis, No results were found. ,TRUE
Ibrutinib,Steroid-responsive encephalopathy associated with autoimmune thyroiditis,Ibrutinib,Steroid-responsive%20encephalopathy%20associated%20with%20autoimmune%20thyroiditis,https://pubmed.ncbi.nlm.nih.gov/?term=%28%28Ibrutinib+AND+Steroid-responsive%20encephalopathy%20associated%20with%20autoimmune%20thyroiditis, No results were found. ,TRUE
imatinib,Steroid-responsive encephalopathy associated with autoimmune thyroiditis,imatinib,Steroid-responsive%20encephalopathy%20associated%20with%20autoimmune%20thyroiditis,https://pubmed.ncbi.nlm.nih.gov/?term=%28%28imatinib+AND+Steroid-responsive%20encephalopathy%20associated%20with%20autoimmune%20thyroiditis, No results were found. ,TRUE
IY-IY-TEG,Steroid-responsive encephalopathy associated with autoimmune thyroiditis,IY-IY-TEG,Steroid-responsive%20encephalopathy%20associated%20with%20autoimmune%20thyroiditis,https://pubmed.ncbi.nlm.nih.gov/?term=%28%28IY-IY-TEG+AND+Steroid-responsive%20encephalopathy%20associated%20with%20autoimmune%20thyroiditis, No results were found. ,TRUE
J2,Steroid-responsive encephalopathy associated with autoimmune thyroiditis,J2,Steroid-responsive%20encephalopathy%20associated%20with%20autoimmune%20thyroiditis,https://pubmed.ncbi.nlm.nih.gov/?term=%28%28J2+AND+Steroid-responsive%20encephalopathy%20associated%20with%20autoimmune%20thyroiditis, No results were found. ,TRUE
JBJ-04-125-02,Steroid-responsive encephalopathy associated with autoimmune thyroiditis,JBJ-04-125-02,Steroid-responsive%20encephalopathy%20associated%20with%20autoimmune%20thyroiditis,https://pubmed.ncbi.nlm.nih.gov/?term=%28%28JBJ-04-125-02+AND+Steroid-responsive%20encephalopathy%20associated%20with%20autoimmune%20thyroiditis, No results were found. ,TRUE
JBJ-07-149,Steroid-responsive encephalopathy associated with autoimmune thyroiditis,JBJ-07-149,Steroid-responsive%20encephalopathy%20associated%20with%20autoimmune%20thyroiditis,https://pubmed.ncbi.nlm.nih.gov/?term=%28%28JBJ-07-149+AND+Steroid-responsive%20encephalopathy%20associated%20with%20autoimmune%20thyroiditis, No results were found. ,TRUE
JH-VIII-49,Steroid-responsive encephalopathy associated with autoimmune thyroiditis,JH-VIII-49,Steroid-responsive%20encephalopathy%20associated%20with%20autoimmune%20thyroiditis,https://pubmed.ncbi.nlm.nih.gov/?term=%28%28JH-VIII-49+AND+Steroid-responsive%20encephalopathy%20associated%20with%20autoimmune%20thyroiditis, No results were found. ,TRUE
JNJ-7706621,Steroid-responsive encephalopathy associated with autoimmune thyroiditis,JNJ-7706621,Steroid-responsive%20encephalopathy%20associated%20with%20autoimmune%20thyroiditis,https://pubmed.ncbi.nlm.nih.gov/?term=%28%28JNJ-7706621+AND+Steroid-responsive%20encephalopathy%20associated%20with%20autoimmune%20thyroiditis, No results were found. ,TRUE
JQ1,Steroid-responsive encephalopathy associated with autoimmune thyroiditis,JQ1,Steroid-responsive%20encephalopathy%20associated%20with%20autoimmune%20thyroiditis,https://pubmed.ncbi.nlm.nih.gov/?term=%28%28JQ1+AND+Steroid-responsive%20encephalopathy%20associated%20with%20autoimmune%20thyroiditis, No results were found. ,TRUE
KHS108,Steroid-responsive encephalopathy associated with autoimmune thyroiditis,KHS108,Steroid-responsive%20encephalopathy%20associated%20with%20autoimmune%20thyroiditis,https://pubmed.ncbi.nlm.nih.gov/?term=%28%28KHS108+AND+Steroid-responsive%20encephalopathy%20associated%20with%20autoimmune%20thyroiditis, No results were found. ,TRUE
Kojic acid,Steroid-responsive encephalopathy associated with autoimmune thyroiditis,Kojic%20acid,Steroid-responsive%20encephalopathy%20associated%20with%20autoimmune%20thyroiditis,https://pubmed.ncbi.nlm.nih.gov/?term=%28%28Kojic%20acid+AND+Steroid-responsive%20encephalopathy%20associated%20with%20autoimmune%20thyroiditis, No results were found. ,TRUE
KRas G12C-IN-3,Steroid-responsive encephalopathy associated with autoimmune thyroiditis,KRas%20G12C-IN-3,Steroid-responsive%20encephalopathy%20associated%20with%20autoimmune%20thyroiditis,https://pubmed.ncbi.nlm.nih.gov/?term=%28%28KRas%20G12C-IN-3+AND+Steroid-responsive%20encephalopathy%20associated%20with%20autoimmune%20thyroiditis, No results were found. ,TRUE
KRIBB11,Steroid-responsive encephalopathy associated with autoimmune thyroiditis,KRIBB11,Steroid-responsive%20encephalopathy%20associated%20with%20autoimmune%20thyroiditis,https://pubmed.ncbi.nlm.nih.gov/?term=%28%28KRIBB11+AND+Steroid-responsive%20encephalopathy%20associated%20with%20autoimmune%20thyroiditis, No results were found. ,TRUE
L-Dopa,Steroid-responsive encephalopathy associated with autoimmune thyroiditis,L-Dopa,Steroid-responsive%20encephalopathy%20associated%20with%20autoimmune%20thyroiditis,https://pubmed.ncbi.nlm.nih.gov/?term=%28%28L-Dopa+AND+Steroid-responsive%20encephalopathy%20associated%20with%20autoimmune%20thyroiditis,NA,TRUE
lapatinib,Steroid-responsive encephalopathy associated with autoimmune thyroiditis,lapatinib,Steroid-responsive%20encephalopathy%20associated%20with%20autoimmune%20thyroiditis,https://pubmed.ncbi.nlm.nih.gov/?term=%28%28lapatinib+AND+Steroid-responsive%20encephalopathy%20associated%20with%20autoimmune%20thyroiditis, No results were found. ,TRUE
Lasofoxifene,Steroid-responsive encephalopathy associated with autoimmune thyroiditis,Lasofoxifene,Steroid-responsive%20encephalopathy%20associated%20with%20autoimmune%20thyroiditis,https://pubmed.ncbi.nlm.nih.gov/?term=%28%28Lasofoxifene+AND+Steroid-responsive%20encephalopathy%20associated%20with%20autoimmune%20thyroiditis, No results were found. ,TRUE
LDC3140,Steroid-responsive encephalopathy associated with autoimmune thyroiditis,LDC3140,Steroid-responsive%20encephalopathy%20associated%20with%20autoimmune%20thyroiditis,https://pubmed.ncbi.nlm.nih.gov/?term=%28%28LDC3140+AND+Steroid-responsive%20encephalopathy%20associated%20with%20autoimmune%20thyroiditis, No results were found. ,TRUE
LDC59,Steroid-responsive encephalopathy associated with autoimmune thyroiditis,LDC59,Steroid-responsive%20encephalopathy%20associated%20with%20autoimmune%20thyroiditis,https://pubmed.ncbi.nlm.nih.gov/?term=%28%28LDC59+AND+Steroid-responsive%20encephalopathy%20associated%20with%20autoimmune%20thyroiditis, No results were found. ,TRUE
Linifanib,Steroid-responsive encephalopathy associated with autoimmune thyroiditis,Linifanib,Steroid-responsive%20encephalopathy%20associated%20with%20autoimmune%20thyroiditis,https://pubmed.ncbi.nlm.nih.gov/?term=%28%28Linifanib+AND+Steroid-responsive%20encephalopathy%20associated%20with%20autoimmune%20thyroiditis, No results were found. ,TRUE
Lovastatin,Steroid-responsive encephalopathy associated with autoimmune thyroiditis,Lovastatin,Steroid-responsive%20encephalopathy%20associated%20with%20autoimmune%20thyroiditis,https://pubmed.ncbi.nlm.nih.gov/?term=%28%28Lovastatin+AND+Steroid-responsive%20encephalopathy%20associated%20with%20autoimmune%20thyroiditis, No results were found. ,TRUE
MI-1061,Steroid-responsive encephalopathy associated with autoimmune thyroiditis,MI-1061,Steroid-responsive%20encephalopathy%20associated%20with%20autoimmune%20thyroiditis,https://pubmed.ncbi.nlm.nih.gov/?term=%28%28MI-1061+AND+Steroid-responsive%20encephalopathy%20associated%20with%20autoimmune%20thyroiditis, No results were found. ,TRUE
MI-1242,Steroid-responsive encephalopathy associated with autoimmune thyroiditis,MI-1242,Steroid-responsive%20encephalopathy%20associated%20with%20autoimmune%20thyroiditis,https://pubmed.ncbi.nlm.nih.gov/?term=%28%28MI-1242+AND+Steroid-responsive%20encephalopathy%20associated%20with%20autoimmune%20thyroiditis, No results were found. ,TRUE
Miransertib,Steroid-responsive encephalopathy associated with autoimmune thyroiditis,Miransertib,Steroid-responsive%20encephalopathy%20associated%20with%20autoimmune%20thyroiditis,https://pubmed.ncbi.nlm.nih.gov/?term=%28%28Miransertib+AND+Steroid-responsive%20encephalopathy%20associated%20with%20autoimmune%20thyroiditis, No results were found. ,TRUE
MK-2206,Steroid-responsive encephalopathy associated with autoimmune thyroiditis,MK-2206,Steroid-responsive%20encephalopathy%20associated%20with%20autoimmune%20thyroiditis,https://pubmed.ncbi.nlm.nih.gov/?term=%28%28MK-2206+AND+Steroid-responsive%20encephalopathy%20associated%20with%20autoimmune%20thyroiditis, No results were found. ,TRUE
MMAE,Steroid-responsive encephalopathy associated with autoimmune thyroiditis,MMAE,Steroid-responsive%20encephalopathy%20associated%20with%20autoimmune%20thyroiditis,https://pubmed.ncbi.nlm.nih.gov/?term=%28%28MMAE+AND+Steroid-responsive%20encephalopathy%20associated%20with%20autoimmune%20thyroiditis, No results were found. ,TRUE
MRT68921,Steroid-responsive encephalopathy associated with autoimmune thyroiditis,MRT68921,Steroid-responsive%20encephalopathy%20associated%20with%20autoimmune%20thyroiditis,https://pubmed.ncbi.nlm.nih.gov/?term=%28%28MRT68921+AND+Steroid-responsive%20encephalopathy%20associated%20with%20autoimmune%20thyroiditis, No results were found. ,TRUE
MRTX849,Steroid-responsive encephalopathy associated with autoimmune thyroiditis,MRTX849,Steroid-responsive%20encephalopathy%20associated%20with%20autoimmune%20thyroiditis,https://pubmed.ncbi.nlm.nih.gov/?term=%28%28MRTX849+AND+Steroid-responsive%20encephalopathy%20associated%20with%20autoimmune%20thyroiditis, No results were found. ,TRUE
Nexturastat A,Steroid-responsive encephalopathy associated with autoimmune thyroiditis,Nexturastat%20A,Steroid-responsive%20encephalopathy%20associated%20with%20autoimmune%20thyroiditis,https://pubmed.ncbi.nlm.nih.gov/?term=%28%28Nexturastat%20A+AND+Steroid-responsive%20encephalopathy%20associated%20with%20autoimmune%20thyroiditis, No results were found. ,TRUE
NIRAPARIB,Steroid-responsive encephalopathy associated with autoimmune thyroiditis,NIRAPARIB,Steroid-responsive%20encephalopathy%20associated%20with%20autoimmune%20thyroiditis,https://pubmed.ncbi.nlm.nih.gov/?term=%28%28NIRAPARIB+AND+Steroid-responsive%20encephalopathy%20associated%20with%20autoimmune%20thyroiditis, No results were found. ,TRUE
Nutlin-3,Steroid-responsive encephalopathy associated with autoimmune thyroiditis,Nutlin-3,Steroid-responsive%20encephalopathy%20associated%20with%20autoimmune%20thyroiditis,https://pubmed.ncbi.nlm.nih.gov/?term=%28%28Nutlin-3+AND+Steroid-responsive%20encephalopathy%20associated%20with%20autoimmune%20thyroiditis, No results were found. ,TRUE
Nutlin-3A,Steroid-responsive encephalopathy associated with autoimmune thyroiditis,Nutlin-3A,Steroid-responsive%20encephalopathy%20associated%20with%20autoimmune%20thyroiditis,https://pubmed.ncbi.nlm.nih.gov/?term=%28%28Nutlin-3A+AND+Steroid-responsive%20encephalopathy%20associated%20with%20autoimmune%20thyroiditis, No results were found. ,TRUE
Nutlin-3B,Steroid-responsive encephalopathy associated with autoimmune thyroiditis,Nutlin-3B,Steroid-responsive%20encephalopathy%20associated%20with%20autoimmune%20thyroiditis,https://pubmed.ncbi.nlm.nih.gov/?term=%28%28Nutlin-3B+AND+Steroid-responsive%20encephalopathy%20associated%20with%20autoimmune%20thyroiditis, No results were found. ,TRUE
NVP-2,Steroid-responsive encephalopathy associated with autoimmune thyroiditis,NVP-2,Steroid-responsive%20encephalopathy%20associated%20with%20autoimmune%20thyroiditis,https://pubmed.ncbi.nlm.nih.gov/?term=%28%28NVP-2+AND+Steroid-responsive%20encephalopathy%20associated%20with%20autoimmune%20thyroiditis, No results were found. ,TRUE
NVS-PAK1-1,Steroid-responsive encephalopathy associated with autoimmune thyroiditis,NVS-PAK1-1,Steroid-responsive%20encephalopathy%20associated%20with%20autoimmune%20thyroiditis,https://pubmed.ncbi.nlm.nih.gov/?term=%28%28NVS-PAK1-1+AND+Steroid-responsive%20encephalopathy%20associated%20with%20autoimmune%20thyroiditis, No results were found. ,TRUE
O4I2,Steroid-responsive encephalopathy associated with autoimmune thyroiditis,O4I2,Steroid-responsive%20encephalopathy%20associated%20with%20autoimmune%20thyroiditis,https://pubmed.ncbi.nlm.nih.gov/?term=%28%28O4I2+AND+Steroid-responsive%20encephalopathy%20associated%20with%20autoimmune%20thyroiditis, No results were found. ,TRUE
OICR-9429,Steroid-responsive encephalopathy associated with autoimmune thyroiditis,OICR-9429,Steroid-responsive%20encephalopathy%20associated%20with%20autoimmune%20thyroiditis,https://pubmed.ncbi.nlm.nih.gov/?term=%28%28OICR-9429+AND+Steroid-responsive%20encephalopathy%20associated%20with%20autoimmune%20thyroiditis, No results were found. ,TRUE
Olaparib,Steroid-responsive encephalopathy associated with autoimmune thyroiditis,Olaparib,Steroid-responsive%20encephalopathy%20associated%20with%20autoimmune%20thyroiditis,https://pubmed.ncbi.nlm.nih.gov/?term=%28%28Olaparib+AND+Steroid-responsive%20encephalopathy%20associated%20with%20autoimmune%20thyroiditis, No results were found. ,TRUE
ortho-AP1867,Steroid-responsive encephalopathy associated with autoimmune thyroiditis,ortho-AP1867,Steroid-responsive%20encephalopathy%20associated%20with%20autoimmune%20thyroiditis,https://pubmed.ncbi.nlm.nih.gov/?term=%28%28ortho-AP1867+AND+Steroid-responsive%20encephalopathy%20associated%20with%20autoimmune%20thyroiditis, No results were found. ,TRUE
Osimertinib,Steroid-responsive encephalopathy associated with autoimmune thyroiditis,Osimertinib,Steroid-responsive%20encephalopathy%20associated%20with%20autoimmune%20thyroiditis,https://pubmed.ncbi.nlm.nih.gov/?term=%28%28Osimertinib+AND+Steroid-responsive%20encephalopathy%20associated%20with%20autoimmune%20thyroiditis, No results were found. ,TRUE
OTX015,Steroid-responsive encephalopathy associated with autoimmune thyroiditis,OTX015,Steroid-responsive%20encephalopathy%20associated%20with%20autoimmune%20thyroiditis,https://pubmed.ncbi.nlm.nih.gov/?term=%28%28OTX015+AND+Steroid-responsive%20encephalopathy%20associated%20with%20autoimmune%20thyroiditis, No results were found. ,TRUE
Palbociclib,Steroid-responsive encephalopathy associated with autoimmune thyroiditis,Palbociclib,Steroid-responsive%20encephalopathy%20associated%20with%20autoimmune%20thyroiditis,https://pubmed.ncbi.nlm.nih.gov/?term=%28%28Palbociclib+AND+Steroid-responsive%20encephalopathy%20associated%20with%20autoimmune%20thyroiditis, No results were found. ,TRUE
PD0325901,Steroid-responsive encephalopathy associated with autoimmune thyroiditis,PD0325901,Steroid-responsive%20encephalopathy%20associated%20with%20autoimmune%20thyroiditis,https://pubmed.ncbi.nlm.nih.gov/?term=%28%28PD0325901+AND+Steroid-responsive%20encephalopathy%20associated%20with%20autoimmune%20thyroiditis, No results were found. ,TRUE
PF-06447475,Steroid-responsive encephalopathy associated with autoimmune thyroiditis,PF-06447475,Steroid-responsive%20encephalopathy%20associated%20with%20autoimmune%20thyroiditis,https://pubmed.ncbi.nlm.nih.gov/?term=%28%28PF-06447475+AND+Steroid-responsive%20encephalopathy%20associated%20with%20autoimmune%20thyroiditis, No results were found. ,TRUE
PF-06650833,Steroid-responsive encephalopathy associated with autoimmune thyroiditis,PF-06650833,Steroid-responsive%20encephalopathy%20associated%20with%20autoimmune%20thyroiditis,https://pubmed.ncbi.nlm.nih.gov/?term=%28%28PF-06650833+AND+Steroid-responsive%20encephalopathy%20associated%20with%20autoimmune%20thyroiditis, No results were found. ,TRUE
PF-367,Steroid-responsive encephalopathy associated with autoimmune thyroiditis,PF-367,Steroid-responsive%20encephalopathy%20associated%20with%20autoimmune%20thyroiditis,https://pubmed.ncbi.nlm.nih.gov/?term=%28%28PF-367+AND+Steroid-responsive%20encephalopathy%20associated%20with%20autoimmune%20thyroiditis, No results were found. ,TRUE
PF-562271,Steroid-responsive encephalopathy associated with autoimmune thyroiditis,PF-562271,Steroid-responsive%20encephalopathy%20associated%20with%20autoimmune%20thyroiditis,https://pubmed.ncbi.nlm.nih.gov/?term=%28%28PF-562271+AND+Steroid-responsive%20encephalopathy%20associated%20with%20autoimmune%20thyroiditis, No results were found. ,TRUE
PH-797804,Steroid-responsive encephalopathy associated with autoimmune thyroiditis,PH-797804,Steroid-responsive%20encephalopathy%20associated%20with%20autoimmune%20thyroiditis,https://pubmed.ncbi.nlm.nih.gov/?term=%28%28PH-797804+AND+Steroid-responsive%20encephalopathy%20associated%20with%20autoimmune%20thyroiditis, No results were found. ,TRUE
PHA665752,Steroid-responsive encephalopathy associated with autoimmune thyroiditis,PHA665752,Steroid-responsive%20encephalopathy%20associated%20with%20autoimmune%20thyroiditis,https://pubmed.ncbi.nlm.nih.gov/?term=%28%28PHA665752+AND+Steroid-responsive%20encephalopathy%20associated%20with%20autoimmune%20thyroiditis, No results were found. ,TRUE
PLX7904,Steroid-responsive encephalopathy associated with autoimmune thyroiditis,PLX7904,Steroid-responsive%20encephalopathy%20associated%20with%20autoimmune%20thyroiditis,https://pubmed.ncbi.nlm.nih.gov/?term=%28%28PLX7904+AND+Steroid-responsive%20encephalopathy%20associated%20with%20autoimmune%20thyroiditis, No results were found. ,TRUE
PND-1186,Steroid-responsive encephalopathy associated with autoimmune thyroiditis,PND-1186,Steroid-responsive%20encephalopathy%20associated%20with%20autoimmune%20thyroiditis,https://pubmed.ncbi.nlm.nih.gov/?term=%28%28PND-1186+AND+Steroid-responsive%20encephalopathy%20associated%20with%20autoimmune%20thyroiditis, No results were found. ,TRUE
pomalidomide,Steroid-responsive encephalopathy associated with autoimmune thyroiditis,pomalidomide,Steroid-responsive%20encephalopathy%20associated%20with%20autoimmune%20thyroiditis,https://pubmed.ncbi.nlm.nih.gov/?term=%28%28pomalidomide+AND+Steroid-responsive%20encephalopathy%20associated%20with%20autoimmune%20thyroiditis, No results were found. ,TRUE
Ponatinib,Steroid-responsive encephalopathy associated with autoimmune thyroiditis,Ponatinib,Steroid-responsive%20encephalopathy%20associated%20with%20autoimmune%20thyroiditis,https://pubmed.ncbi.nlm.nih.gov/?term=%28%28Ponatinib+AND+Steroid-responsive%20encephalopathy%20associated%20with%20autoimmune%20thyroiditis, No results were found. ,TRUE
PP2,Steroid-responsive encephalopathy associated with autoimmune thyroiditis,PP2,Steroid-responsive%20encephalopathy%20associated%20with%20autoimmune%20thyroiditis,https://pubmed.ncbi.nlm.nih.gov/?term=%28%28PP2+AND+Steroid-responsive%20encephalopathy%20associated%20with%20autoimmune%20thyroiditis, No results were found. ,TRUE
PP58,Steroid-responsive encephalopathy associated with autoimmune thyroiditis,PP58,Steroid-responsive%20encephalopathy%20associated%20with%20autoimmune%20thyroiditis,https://pubmed.ncbi.nlm.nih.gov/?term=%28%28PP58+AND+Steroid-responsive%20encephalopathy%20associated%20with%20autoimmune%20thyroiditis, No results were found. ,TRUE
Prazosin,Steroid-responsive encephalopathy associated with autoimmune thyroiditis,Prazosin,Steroid-responsive%20encephalopathy%20associated%20with%20autoimmune%20thyroiditis,https://pubmed.ncbi.nlm.nih.gov/?term=%28%28Prazosin+AND+Steroid-responsive%20encephalopathy%20associated%20with%20autoimmune%20thyroiditis, No results were found. ,TRUE
Pseudolaric acid B,Steroid-responsive encephalopathy associated with autoimmune thyroiditis,Pseudolaric%20acid%20B,Steroid-responsive%20encephalopathy%20associated%20with%20autoimmune%20thyroiditis,https://pubmed.ncbi.nlm.nih.gov/?term=%28%28Pseudolaric%20acid%20B+AND+Steroid-responsive%20encephalopathy%20associated%20with%20autoimmune%20thyroiditis, No results were found. ,TRUE
Pyrimidine 1,Steroid-responsive encephalopathy associated with autoimmune thyroiditis,Pyrimidine%201,Steroid-responsive%20encephalopathy%20associated%20with%20autoimmune%20thyroiditis,https://pubmed.ncbi.nlm.nih.gov/?term=%28%28Pyrimidine%201+AND+Steroid-responsive%20encephalopathy%20associated%20with%20autoimmune%20thyroiditis, 4 results ,TRUE
QCA276,Steroid-responsive encephalopathy associated with autoimmune thyroiditis,QCA276,Steroid-responsive%20encephalopathy%20associated%20with%20autoimmune%20thyroiditis,https://pubmed.ncbi.nlm.nih.gov/?term=%28%28QCA276+AND+Steroid-responsive%20encephalopathy%20associated%20with%20autoimmune%20thyroiditis, No results were found. ,TRUE
Quinoxaline 2,Steroid-responsive encephalopathy associated with autoimmune thyroiditis,Quinoxaline%202,Steroid-responsive%20encephalopathy%20associated%20with%20autoimmune%20thyroiditis,https://pubmed.ncbi.nlm.nih.gov/?term=%28%28Quinoxaline%202+AND+Steroid-responsive%20encephalopathy%20associated%20with%20autoimmune%20thyroiditis, No results were found. ,TRUE
Quizartinib,Steroid-responsive encephalopathy associated with autoimmune thyroiditis,Quizartinib,Steroid-responsive%20encephalopathy%20associated%20with%20autoimmune%20thyroiditis,https://pubmed.ncbi.nlm.nih.gov/?term=%28%28Quizartinib+AND+Steroid-responsive%20encephalopathy%20associated%20with%20autoimmune%20thyroiditis, No results were found. ,TRUE
R428,Steroid-responsive encephalopathy associated with autoimmune thyroiditis,R428,Steroid-responsive%20encephalopathy%20associated%20with%20autoimmune%20thyroiditis,https://pubmed.ncbi.nlm.nih.gov/?term=%28%28R428+AND+Steroid-responsive%20encephalopathy%20associated%20with%20autoimmune%20thyroiditis, No results were found. ,TRUE
RA190,Steroid-responsive encephalopathy associated with autoimmune thyroiditis,RA190,Steroid-responsive%20encephalopathy%20associated%20with%20autoimmune%20thyroiditis,https://pubmed.ncbi.nlm.nih.gov/?term=%28%28RA190+AND+Steroid-responsive%20encephalopathy%20associated%20with%20autoimmune%20thyroiditis, No results were found. ,TRUE
Raloxifene,Steroid-responsive encephalopathy associated with autoimmune thyroiditis,Raloxifene,Steroid-responsive%20encephalopathy%20associated%20with%20autoimmune%20thyroiditis,https://pubmed.ncbi.nlm.nih.gov/?term=%28%28Raloxifene+AND+Steroid-responsive%20encephalopathy%20associated%20with%20autoimmune%20thyroiditis, No results were found. ,TRUE
rapamycin,Steroid-responsive encephalopathy associated with autoimmune thyroiditis,rapamycin,Steroid-responsive%20encephalopathy%20associated%20with%20autoimmune%20thyroiditis,https://pubmed.ncbi.nlm.nih.gov/?term=%28%28rapamycin+AND+Steroid-responsive%20encephalopathy%20associated%20with%20autoimmune%20thyroiditis,NA,TRUE
RBN012042,Steroid-responsive encephalopathy associated with autoimmune thyroiditis,RBN012042,Steroid-responsive%20encephalopathy%20associated%20with%20autoimmune%20thyroiditis,https://pubmed.ncbi.nlm.nih.gov/?term=%28%28RBN012042+AND+Steroid-responsive%20encephalopathy%20associated%20with%20autoimmune%20thyroiditis, No results were found. ,TRUE
RBx10080307,Steroid-responsive encephalopathy associated with autoimmune thyroiditis,RBx10080307,Steroid-responsive%20encephalopathy%20associated%20with%20autoimmune%20thyroiditis,https://pubmed.ncbi.nlm.nih.gov/?term=%28%28RBx10080307+AND+Steroid-responsive%20encephalopathy%20associated%20with%20autoimmune%20thyroiditis, No results were found. ,TRUE
Rebastinib,Steroid-responsive encephalopathy associated with autoimmune thyroiditis,Rebastinib,Steroid-responsive%20encephalopathy%20associated%20with%20autoimmune%20thyroiditis,https://pubmed.ncbi.nlm.nih.gov/?term=%28%28Rebastinib+AND+Steroid-responsive%20encephalopathy%20associated%20with%20autoimmune%20thyroiditis, No results were found. ,TRUE
RG7112,Steroid-responsive encephalopathy associated with autoimmune thyroiditis,RG7112,Steroid-responsive%20encephalopathy%20associated%20with%20autoimmune%20thyroiditis,https://pubmed.ncbi.nlm.nih.gov/?term=%28%28RG7112+AND+Steroid-responsive%20encephalopathy%20associated%20with%20autoimmune%20thyroiditis, No results were found. ,TRUE
Ribociclib,Steroid-responsive encephalopathy associated with autoimmune thyroiditis,Ribociclib,Steroid-responsive%20encephalopathy%20associated%20with%20autoimmune%20thyroiditis,https://pubmed.ncbi.nlm.nih.gov/?term=%28%28Ribociclib+AND+Steroid-responsive%20encephalopathy%20associated%20with%20autoimmune%20thyroiditis, No results were found. ,TRUE
RIGOSERTIB,Steroid-responsive encephalopathy associated with autoimmune thyroiditis,RIGOSERTIB,Steroid-responsive%20encephalopathy%20associated%20with%20autoimmune%20thyroiditis,https://pubmed.ncbi.nlm.nih.gov/?term=%28%28RIGOSERTIB+AND+Steroid-responsive%20encephalopathy%20associated%20with%20autoimmune%20thyroiditis, No results were found. ,TRUE
RMC-4550,Steroid-responsive encephalopathy associated with autoimmune thyroiditis,RMC-4550,Steroid-responsive%20encephalopathy%20associated%20with%20autoimmune%20thyroiditis,https://pubmed.ncbi.nlm.nih.gov/?term=%28%28RMC-4550+AND+Steroid-responsive%20encephalopathy%20associated%20with%20autoimmune%20thyroiditis, No results were found. ,TRUE
RN486,Steroid-responsive encephalopathy associated with autoimmune thyroiditis,RN486,Steroid-responsive%20encephalopathy%20associated%20with%20autoimmune%20thyroiditis,https://pubmed.ncbi.nlm.nih.gov/?term=%28%28RN486+AND+Steroid-responsive%20encephalopathy%20associated%20with%20autoimmune%20thyroiditis, No results were found. ,TRUE
Rucaparib,Steroid-responsive encephalopathy associated with autoimmune thyroiditis,Rucaparib,Steroid-responsive%20encephalopathy%20associated%20with%20autoimmune%20thyroiditis,https://pubmed.ncbi.nlm.nih.gov/?term=%28%28Rucaparib+AND+Steroid-responsive%20encephalopathy%20associated%20with%20autoimmune%20thyroiditis, No results were found. ,TRUE
Ruxolitinib,Steroid-responsive encephalopathy associated with autoimmune thyroiditis,Ruxolitinib,Steroid-responsive%20encephalopathy%20associated%20with%20autoimmune%20thyroiditis,https://pubmed.ncbi.nlm.nih.gov/?term=%28%28Ruxolitinib+AND+Steroid-responsive%20encephalopathy%20associated%20with%20autoimmune%20thyroiditis, No results were found. ,TRUE
SGC-iMLLT,Steroid-responsive encephalopathy associated with autoimmune thyroiditis,SGC-iMLLT,Steroid-responsive%20encephalopathy%20associated%20with%20autoimmune%20thyroiditis,https://pubmed.ncbi.nlm.nih.gov/?term=%28%28SGC-iMLLT+AND+Steroid-responsive%20encephalopathy%20associated%20with%20autoimmune%20thyroiditis, No results were found. ,TRUE
SHP099,Steroid-responsive encephalopathy associated with autoimmune thyroiditis,SHP099,Steroid-responsive%20encephalopathy%20associated%20with%20autoimmune%20thyroiditis,https://pubmed.ncbi.nlm.nih.gov/?term=%28%28SHP099+AND+Steroid-responsive%20encephalopathy%20associated%20with%20autoimmune%20thyroiditis, No results were found. ,TRUE
SI-109,Steroid-responsive encephalopathy associated with autoimmune thyroiditis,SI-109,Steroid-responsive%20encephalopathy%20associated%20with%20autoimmune%20thyroiditis,https://pubmed.ncbi.nlm.nih.gov/?term=%28%28SI-109+AND+Steroid-responsive%20encephalopathy%20associated%20with%20autoimmune%20thyroiditis, No results were found. ,TRUE
SI-191,Steroid-responsive encephalopathy associated with autoimmune thyroiditis,SI-191,Steroid-responsive%20encephalopathy%20associated%20with%20autoimmune%20thyroiditis,https://pubmed.ncbi.nlm.nih.gov/?term=%28%28SI-191+AND+Steroid-responsive%20encephalopathy%20associated%20with%20autoimmune%20thyroiditis, No results were found. ,TRUE
SNS-032,Steroid-responsive encephalopathy associated with autoimmune thyroiditis,SNS-032,Steroid-responsive%20encephalopathy%20associated%20with%20autoimmune%20thyroiditis,https://pubmed.ncbi.nlm.nih.gov/?term=%28%28SNS-032+AND+Steroid-responsive%20encephalopathy%20associated%20with%20autoimmune%20thyroiditis, No results were found. ,TRUE
Spebrutinib,Steroid-responsive encephalopathy associated with autoimmune thyroiditis,Spebrutinib,Steroid-responsive%20encephalopathy%20associated%20with%20autoimmune%20thyroiditis,https://pubmed.ncbi.nlm.nih.gov/?term=%28%28Spebrutinib+AND+Steroid-responsive%20encephalopathy%20associated%20with%20autoimmune%20thyroiditis, No results were found. ,TRUE
SR-3558,Steroid-responsive encephalopathy associated with autoimmune thyroiditis,SR-3558,Steroid-responsive%20encephalopathy%20associated%20with%20autoimmune%20thyroiditis,https://pubmed.ncbi.nlm.nih.gov/?term=%28%28SR-3558+AND+Steroid-responsive%20encephalopathy%20associated%20with%20autoimmune%20thyroiditis, No results were found. ,TRUE
STK788280,Steroid-responsive encephalopathy associated with autoimmune thyroiditis,STK788280,Steroid-responsive%20encephalopathy%20associated%20with%20autoimmune%20thyroiditis,https://pubmed.ncbi.nlm.nih.gov/?term=%28%28STK788280+AND+Steroid-responsive%20encephalopathy%20associated%20with%20autoimmune%20thyroiditis, No results were found. ,TRUE
Sunitinib,Steroid-responsive encephalopathy associated with autoimmune thyroiditis,Sunitinib,Steroid-responsive%20encephalopathy%20associated%20with%20autoimmune%20thyroiditis,https://pubmed.ncbi.nlm.nih.gov/?term=%28%28Sunitinib+AND+Steroid-responsive%20encephalopathy%20associated%20with%20autoimmune%20thyroiditis, No results were found. ,TRUE
TAE684,Steroid-responsive encephalopathy associated with autoimmune thyroiditis,TAE684,Steroid-responsive%20encephalopathy%20associated%20with%20autoimmune%20thyroiditis,https://pubmed.ncbi.nlm.nih.gov/?term=%28%28TAE684+AND+Steroid-responsive%20encephalopathy%20associated%20with%20autoimmune%20thyroiditis, No results were found. ,TRUE
Tamoxifen,Steroid-responsive encephalopathy associated with autoimmune thyroiditis,Tamoxifen,Steroid-responsive%20encephalopathy%20associated%20with%20autoimmune%20thyroiditis,https://pubmed.ncbi.nlm.nih.gov/?term=%28%28Tamoxifen+AND+Steroid-responsive%20encephalopathy%20associated%20with%20autoimmune%20thyroiditis, No results were found. ,TRUE
Telaprevir,Steroid-responsive encephalopathy associated with autoimmune thyroiditis,Telaprevir,Steroid-responsive%20encephalopathy%20associated%20with%20autoimmune%20thyroiditis,https://pubmed.ncbi.nlm.nih.gov/?term=%28%28Telaprevir+AND+Steroid-responsive%20encephalopathy%20associated%20with%20autoimmune%20thyroiditis, No results were found. ,TRUE
TFC-007,Steroid-responsive encephalopathy associated with autoimmune thyroiditis,TFC-007,Steroid-responsive%20encephalopathy%20associated%20with%20autoimmune%20thyroiditis,https://pubmed.ncbi.nlm.nih.gov/?term=%28%28TFC-007+AND+Steroid-responsive%20encephalopathy%20associated%20with%20autoimmune%20thyroiditis, No results were found. ,TRUE
TG101209,Steroid-responsive encephalopathy associated with autoimmune thyroiditis,TG101209,Steroid-responsive%20encephalopathy%20associated%20with%20autoimmune%20thyroiditis,https://pubmed.ncbi.nlm.nih.gov/?term=%28%28TG101209+AND+Steroid-responsive%20encephalopathy%20associated%20with%20autoimmune%20thyroiditis, No results were found. ,TRUE
THALIDOMIDE,Steroid-responsive encephalopathy associated with autoimmune thyroiditis,THALIDOMIDE,Steroid-responsive%20encephalopathy%20associated%20with%20autoimmune%20thyroiditis,https://pubmed.ncbi.nlm.nih.gov/?term=%28%28THALIDOMIDE+AND+Steroid-responsive%20encephalopathy%20associated%20with%20autoimmune%20thyroiditis, No results were found. ,TRUE
THZ-P1-2,Steroid-responsive encephalopathy associated with autoimmune thyroiditis,THZ-P1-2,Steroid-responsive%20encephalopathy%20associated%20with%20autoimmune%20thyroiditis,https://pubmed.ncbi.nlm.nih.gov/?term=%28%28THZ-P1-2+AND+Steroid-responsive%20encephalopathy%20associated%20with%20autoimmune%20thyroiditis, No results were found. ,TRUE
THZ531,Steroid-responsive encephalopathy associated with autoimmune thyroiditis,THZ531,Steroid-responsive%20encephalopathy%20associated%20with%20autoimmune%20thyroiditis,https://pubmed.ncbi.nlm.nih.gov/?term=%28%28THZ531+AND+Steroid-responsive%20encephalopathy%20associated%20with%20autoimmune%20thyroiditis, No results were found. ,TRUE
TM,Steroid-responsive encephalopathy associated with autoimmune thyroiditis,TM,Steroid-responsive%20encephalopathy%20associated%20with%20autoimmune%20thyroiditis,https://pubmed.ncbi.nlm.nih.gov/?term=%28%28TM+AND+Steroid-responsive%20encephalopathy%20associated%20with%20autoimmune%20thyroiditis, 10 results ,TRUE
TMX-2039,Steroid-responsive encephalopathy associated with autoimmune thyroiditis,TMX-2039,Steroid-responsive%20encephalopathy%20associated%20with%20autoimmune%20thyroiditis,https://pubmed.ncbi.nlm.nih.gov/?term=%28%28TMX-2039+AND+Steroid-responsive%20encephalopathy%20associated%20with%20autoimmune%20thyroiditis, No results were found. ,TRUE
TMX-3010,Steroid-responsive encephalopathy associated with autoimmune thyroiditis,TMX-3010,Steroid-responsive%20encephalopathy%20associated%20with%20autoimmune%20thyroiditis,https://pubmed.ncbi.nlm.nih.gov/?term=%28%28TMX-3010+AND+Steroid-responsive%20encephalopathy%20associated%20with%20autoimmune%20thyroiditis, No results were found. ,TRUE
TMX-3012,Steroid-responsive encephalopathy associated with autoimmune thyroiditis,TMX-3012,Steroid-responsive%20encephalopathy%20associated%20with%20autoimmune%20thyroiditis,https://pubmed.ncbi.nlm.nih.gov/?term=%28%28TMX-3012+AND+Steroid-responsive%20encephalopathy%20associated%20with%20autoimmune%20thyroiditis, No results were found. ,TRUE
TMX-3013,Steroid-responsive encephalopathy associated with autoimmune thyroiditis,TMX-3013,Steroid-responsive%20encephalopathy%20associated%20with%20autoimmune%20thyroiditis,https://pubmed.ncbi.nlm.nih.gov/?term=%28%28TMX-3013+AND+Steroid-responsive%20encephalopathy%20associated%20with%20autoimmune%20thyroiditis, No results were found. ,TRUE
TNO155,Steroid-responsive encephalopathy associated with autoimmune thyroiditis,TNO155,Steroid-responsive%20encephalopathy%20associated%20with%20autoimmune%20thyroiditis,https://pubmed.ncbi.nlm.nih.gov/?term=%28%28TNO155+AND+Steroid-responsive%20encephalopathy%20associated%20with%20autoimmune%20thyroiditis, No results were found. ,TRUE
TRE-069,Steroid-responsive encephalopathy associated with autoimmune thyroiditis,TRE-069,Steroid-responsive%20encephalopathy%20associated%20with%20autoimmune%20thyroiditis,https://pubmed.ncbi.nlm.nih.gov/?term=%28%28TRE-069+AND+Steroid-responsive%20encephalopathy%20associated%20with%20autoimmune%20thyroiditis, No results were found. ,TRUE
TX1-85-1,Steroid-responsive encephalopathy associated with autoimmune thyroiditis,TX1-85-1,Steroid-responsive%20encephalopathy%20associated%20with%20autoimmune%20thyroiditis,https://pubmed.ncbi.nlm.nih.gov/?term=%28%28TX1-85-1+AND+Steroid-responsive%20encephalopathy%20associated%20with%20autoimmune%20thyroiditis, No results were found. ,TRUE
TYK2-IN-2,Steroid-responsive encephalopathy associated with autoimmune thyroiditis,TYK2-IN-2,Steroid-responsive%20encephalopathy%20associated%20with%20autoimmune%20thyroiditis,https://pubmed.ncbi.nlm.nih.gov/?term=%28%28TYK2-IN-2+AND+Steroid-responsive%20encephalopathy%20associated%20with%20autoimmune%20thyroiditis, No results were found. ,TRUE
Ursolic acid,Steroid-responsive encephalopathy associated with autoimmune thyroiditis,Ursolic%20acid,Steroid-responsive%20encephalopathy%20associated%20with%20autoimmune%20thyroiditis,https://pubmed.ncbi.nlm.nih.gov/?term=%28%28Ursolic%20acid+AND+Steroid-responsive%20encephalopathy%20associated%20with%20autoimmune%20thyroiditis, No results were found. ,TRUE
Veliparib,Steroid-responsive encephalopathy associated with autoimmune thyroiditis,Veliparib,Steroid-responsive%20encephalopathy%20associated%20with%20autoimmune%20thyroiditis,https://pubmed.ncbi.nlm.nih.gov/?term=%28%28Veliparib+AND+Steroid-responsive%20encephalopathy%20associated%20with%20autoimmune%20thyroiditis, No results were found. ,TRUE
vemurafenib,Steroid-responsive encephalopathy associated with autoimmune thyroiditis,vemurafenib,Steroid-responsive%20encephalopathy%20associated%20with%20autoimmune%20thyroiditis,https://pubmed.ncbi.nlm.nih.gov/?term=%28%28vemurafenib+AND+Steroid-responsive%20encephalopathy%20associated%20with%20autoimmune%20thyroiditis, No results were found. ,TRUE
Vercirnon,Steroid-responsive encephalopathy associated with autoimmune thyroiditis,Vercirnon,Steroid-responsive%20encephalopathy%20associated%20with%20autoimmune%20thyroiditis,https://pubmed.ncbi.nlm.nih.gov/?term=%28%28Vercirnon+AND+Steroid-responsive%20encephalopathy%20associated%20with%20autoimmune%20thyroiditis, No results were found. ,TRUE
VH032,Steroid-responsive encephalopathy associated with autoimmune thyroiditis,VH032,Steroid-responsive%20encephalopathy%20associated%20with%20autoimmune%20thyroiditis,https://pubmed.ncbi.nlm.nih.gov/?term=%28%28VH032+AND+Steroid-responsive%20encephalopathy%20associated%20with%20autoimmune%20thyroiditis, No results were found. ,TRUE
VH298,Steroid-responsive encephalopathy associated with autoimmune thyroiditis,VH298,Steroid-responsive%20encephalopathy%20associated%20with%20autoimmune%20thyroiditis,https://pubmed.ncbi.nlm.nih.gov/?term=%28%28VH298+AND+Steroid-responsive%20encephalopathy%20associated%20with%20autoimmune%20thyroiditis, No results were found. ,TRUE
Vorinostat,Steroid-responsive encephalopathy associated with autoimmune thyroiditis,Vorinostat,Steroid-responsive%20encephalopathy%20associated%20with%20autoimmune%20thyroiditis,https://pubmed.ncbi.nlm.nih.gov/?term=%28%28Vorinostat+AND+Steroid-responsive%20encephalopathy%20associated%20with%20autoimmune%20thyroiditis, No results were found. ,TRUE
VPC-14228,Steroid-responsive encephalopathy associated with autoimmune thyroiditis,VPC-14228,Steroid-responsive%20encephalopathy%20associated%20with%20autoimmune%20thyroiditis,https://pubmed.ncbi.nlm.nih.gov/?term=%28%28VPC-14228+AND+Steroid-responsive%20encephalopathy%20associated%20with%20autoimmune%20thyroiditis, No results were found. ,TRUE
WNY0824,Steroid-responsive encephalopathy associated with autoimmune thyroiditis,WNY0824,Steroid-responsive%20encephalopathy%20associated%20with%20autoimmune%20thyroiditis,https://pubmed.ncbi.nlm.nih.gov/?term=%28%28WNY0824+AND+Steroid-responsive%20encephalopathy%20associated%20with%20autoimmune%20thyroiditis, No results were found. ,TRUE
wogonin,Steroid-responsive encephalopathy associated with autoimmune thyroiditis,wogonin,Steroid-responsive%20encephalopathy%20associated%20with%20autoimmune%20thyroiditis,https://pubmed.ncbi.nlm.nih.gov/?term=%28%28wogonin+AND+Steroid-responsive%20encephalopathy%20associated%20with%20autoimmune%20thyroiditis, No results were found. ,TRUE
XMD8-87,Steroid-responsive encephalopathy associated with autoimmune thyroiditis,XMD8-87,Steroid-responsive%20encephalopathy%20associated%20with%20autoimmune%20thyroiditis,https://pubmed.ncbi.nlm.nih.gov/?term=%28%28XMD8-87+AND+Steroid-responsive%20encephalopathy%20associated%20with%20autoimmune%20thyroiditis, No results were found. ,TRUE
XTF-262,Steroid-responsive encephalopathy associated with autoimmune thyroiditis,XTF-262,Steroid-responsive%20encephalopathy%20associated%20with%20autoimmune%20thyroiditis,https://pubmed.ncbi.nlm.nih.gov/?term=%28%28XTF-262+AND+Steroid-responsive%20encephalopathy%20associated%20with%20autoimmune%20thyroiditis, No results were found. ,TRUE
Zanubrutinib,Steroid-responsive encephalopathy associated with autoimmune thyroiditis,Zanubrutinib,Steroid-responsive%20encephalopathy%20associated%20with%20autoimmune%20thyroiditis,https://pubmed.ncbi.nlm.nih.gov/?term=%28%28Zanubrutinib+AND+Steroid-responsive%20encephalopathy%20associated%20with%20autoimmune%20thyroiditis, No results were found. ,TRUE
ZSTK474,Steroid-responsive encephalopathy associated with autoimmune thyroiditis,ZSTK474,Steroid-responsive%20encephalopathy%20associated%20with%20autoimmune%20thyroiditis,https://pubmed.ncbi.nlm.nih.gov/?term=%28%28ZSTK474+AND+Steroid-responsive%20encephalopathy%20associated%20with%20autoimmune%20thyroiditis, No results were found. ,TRUE
NA,Steroid-responsive encephalopathy associated with autoimmune thyroiditis,"NA",Steroid-responsive%20encephalopathy%20associated%20with%20autoimmune%20thyroiditis,https://pubmed.ncbi.nlm.nih.gov/?term=%28%28NA+AND+Steroid-responsive%20encephalopathy%20associated%20with%20autoimmune%20thyroiditis,NA,TRUE
